_std_adv,_min_obs,_max_obs,_min_discrew,_mean_obs,_std_discrew,ExplainedVarNew,_std_act,ExplainedVarOld,Steps,_mean_discrew,Beta,_lr_multiplier,_max_act,_mean_act,_std_obs,_max_discrew,_min_adv,_MeanReward,_min_act,PolicyEntropy,_mean_adv,ValFuncLoss,_max_adv,_Episode,PolicyLoss,KL
0.9999920131033453,-1740.88134765625,1167.7297973632812,0.014231516890396369,-0.008276190396115025,0.03526994685629379,-1.1170113748210562,0.4175366,-1.3988901498444926,477,0.30883922034656436,1.5,1.0,2.41955,-0.009944583,72.22492232887448,0.864680761552995,-3.074900409767873,112.98478514770443,-2.2774343,15.623627,9.682448181217298e-17,0.12501891079442615,2.180261693017066,20,-0.28102952,0.033917893
0.9999918911871256,-279.7966766357422,589.7437032063802,0.01966769898078952,0.005362270133843072,0.02431451859366355,-0.7573859121176671,0.4137443,-1.9167003913759086,426,0.2692718305369993,2.25,1.0,2.5393455,0.0012653313,7.440945190409788,0.6441371968915302,-3.8717174602480484,101.30419398900202,-2.7895732,15.624379,6.359023896914043e-17,0.06105211375426091,2.756186013274446,40,-0.1610511,0.013450354
0.9999917453937921,-25.578199858980064,26.757561182900506,0.01259550584745197,0.00091724535945033,0.023936232388255395,-0.5884004173363286,0.4014356,-1.5685690403441455,430,0.2713332896811682,3.375,1.0,2.1826425,0.004302511,0.0855072177271025,0.6659321823098071,-3.0129700083694715,102.52778831025599,-2.4719377,15.6245575,-2.2720843294654366e-17,0.05075540886395315,4.272156213237215,60,-2.6616678,0.027820911
0.9999915482173012,-22.9557493521224,25.578157996649352,0.020993191635549878,0.0008681800832324363,0.02882524145851616,0.022391629046601635,0.40143993,-1.139212625434097,438,0.28689154171754117,5.0625,1.0,2.569089,0.0049751634,0.08313958246311737,0.7708170314919479,-4.109189823999137,105.85588763121807,-2.1518133,15.62096,-3.2444873779000007e-17,0.04366004312016164,4.622274529838667,80,-0.17007463,0.012201044
0.9999900857410807,-21.526915536822187,14.572169395477708,0.023005835339030736,0.0011021534228436004,0.025855855574508695,0.1835754919917464,0.4139952,-0.6833202213682459,402,0.26235824506305205,7.59375,1.0,2.4486203,-0.00056612975,0.07524011812546101,0.7624575817973882,-2.892482230666715,96.60693489291415,-2.3875566,15.614283,-1.3256394323882466e-17,0.023498926197026482,5.672216355508873,100,-66.82357,0.023032423
0.9999871996333064,-24.06424185295322,17.438120610764553,0.019098472799414876,0.00012112215921844542,0.026350202736314467,0.45560114810608465,0.42444882,0.00969835572671729,437,0.2764168984821834,11.390625,1.0,2.3934002,0.015671093,0.06584463956155148,0.7228129116202145,-3.213461853697159,103.95982424360382,-2.4074576,15.600208,0.0,0.017307087085607766,4.515823040550771,120,-1.4750804,0.014851528
0.9999858391233502,-8.345300991575817,4.8343753746298885,0.021877170399965576,-0.0006141500851451913,0.020850104800873664,0.44870203672984,0.4078339,-0.06617564069780624,390,0.24934507278141266,17.0859375,1.0,2.1220663,0.009145101,0.04703075808578721,0.6912953741403635,-2.968043604156751,93.55889639336944,-2.3329031,15.583281,4.554761126667309e-18,0.011647058860844444,2.803826262052132,140,-0.17926984,0.012026799
0.9999854800201518,-19.462329941905317,32.05452661152817,0.014124380913749084,0.00402685992164423,0.036164675254978525,0.6418460414431824,0.42484587,0.27069982787437274,460,0.3066361959696806,25.62890625,1.0,2.9782438,0.015116005,0.10479893329046648,0.9091274192631374,-2.307211160282021,111.40321122948185,-2.6131415,15.579139,-3.8616453030440226e-17,0.013536841033157438,2.9679843656683063,160,-20.57098,0.022351163
0.9999841761412137,-16.300800325456176,23.94459883371989,0.020342450465902235,0.0014708354139379416,0.023651143835556755,0.6466520925393618,0.4194987,0.2793836718868311,411,0.2620478409855304,35.0,0.6666666666666666,2.8921788,0.0140790045,0.06714481628376444,0.7042243994292391,-3.114640384565949,98.16652261278207,-2.3330536,15.578137,3.457628884477373e-17,0.008358049438429247,5.00371438543354,180,-0.07530179,0.013796934
0.9999881920386197,-39.67189655472269,19.34131076647869,0.021631731615781576,0.0024955538308651863,0.042353109627074566,0.6432910961891138,0.43336004,0.07721719921844905,470,0.3181737570472344,35.0,0.4444444444444444,2.3686013,0.012995388,0.09182625344945976,1.0176518922957487,-2.403974595681632,113.31621349178417,-2.8058155,15.566118,0.0,0.015474211683886215,9.371300566014577,200,-36.194736,0.015481346
0.9999841824672858,-78.54825141075298,263.9546207209696,0.021661231922272393,0.0032526101784970526,0.03431950065735516,0.6826169136411747,0.42064062,0.4287050496310243,487,0.3129518677006228,35.0,0.4444444444444444,2.4658098,0.0023960548,1.0560350762986765,0.8637435686210596,-3.197452239991703,115.9565283064541,-2.6185164,15.539809,-8.754119947763042e-17,0.011022053583966691,2.748838541164495,220,-0.008578733,0.001958195
0.999982508046327,-8.752311188598808,19.56432319906308,0.01976706188133439,-0.001677374938181253,0.02950322195057872,0.7137220697917184,0.42542627,0.49575932305011905,476,0.29885653347071567,23.333333333333332,0.4444444444444444,3.1665907,-0.001980811,0.06323520620710459,0.7344846694984305,-2.7205144994871775,113.53636931014287,-2.7546682,15.538254,-3.358657889622322e-17,0.008452516026491833,2.636261193990955,240,-0.038436785,0.00093101856
0.9999825242653348,-22.111793754650577,20.14099885678095,0.021123569379600225,0.0010009760597587335,0.024491932826459128,0.7287041848059541,0.43269587,0.43146962150931445,439,0.2765494454783924,35.0,0.2962962962962963,2.501951,0.0064194365,0.07151610363272194,0.6800972871597717,-4.027998753079186,105.11805863393685,-2.7073545,15.536626,4.046370932574603e-17,0.0066752861821192475,4.871026884287625,260,-845.15283,0.021462057
0.9999767868850822,-11.269237103206633,13.76090466683836,0.02312865247567555,-0.0009347697420186997,0.025288536960214734,0.8092845849167682,0.41596422,0.6912888833179083,426,0.27376043367833647,35.0,0.19753086419753085,2.6674745,0.005928257,0.05687693426976442,0.7390265936315551,-3.0206864486227327,102.56007707461609,-2.2152915,15.532609,8.339703471362678e-18,0.004905145851141737,3.111880873072836,280,0.42422885,0.012066727
0.9999765293533985,-25.69468209802286,28.778791186535063,0.02102969135378266,0.00021382643309588128,0.02269192120999839,0.7969027383406558,0.4345169,0.654995711479031,431,0.2722169206890611,23.333333333333332,0.19753086419753085,2.4134722,0.0038119464,0.07814430619636746,0.6282332379318136,-4.502640238330726,103.62617002945979,-2.6937788,15.530423,8.24295517123086e-18,0.0046524772140618285,3.930492309080622,300,-0.14282995,0.0011669544
0.9999781405953856,-8.784733888886608,10.688317369610404,0.02166748300575964,-0.00024350486387532194,0.02677133238398825,0.815159438390375,0.42860863,0.6269458000559472,444,0.282874677700262,15.555555555555555,0.19753086419753085,2.632468,0.010289694,0.05681773562485189,0.7273126872960037,-2.5236686441426013,106.0332672080322,-2.4620457,15.530164,-2.400482215405744e-17,0.004962030274220395,3.1588713319103014,320,-0.02354423,0.00041809812
0.9999803542813902,-13.565171937274624,12.937054344058804,0.021200370483764903,0.00022818317400122778,0.03316873009082186,0.8183598506562213,0.42793456,0.6072719244867972,498,0.31610445564639605,10.37037037037037,0.19753086419753085,2.9511833,-0.007960394,0.06286287818958149,0.8251599147825285,-4.9385228350651635,118.74430678273477,-2.1522384,15.530183,-7.133963210442773e-17,0.006066963262825634,2.691628985908679,340,-0.03473552,0.00065981434
0.9999774074608884,-7.62705135310824,14.023882101129564,0.023474221057646526,-0.0004082937866666174,0.021941218761040805,0.7599270481808281,0.42034143,0.5876361730171122,410,0.259348207987261,6.91358024691358,0.19753086419753085,2.1566763,-0.0042922827,0.05042699605223615,0.6518410937983011,-2.4686022619974586,98.01859054103332,-2.6527693,15.530193,3.466062125659025e-17,0.005404125074396378,2.576699776094031,360,-0.0342523,0.0007485157
0.99997910618299,-14.14794245458504,12.500553939869079,0.020968532573964214,-0.001763567789304284,0.026046009554826312,0.8363118956730722,0.4233212,0.6025081617900068,448,0.28392712433259487,4.609053497942386,0.19753086419753085,2.9551928,-0.018002601,0.05506769927731103,0.6827863409348632,-2.469400187618302,107.36244029694203,-2.634653,15.5302105,3.172065784643304e-17,0.00428457844649665,3.0841602908850683,380,-0.043816153,0.0010278076
0.9999829216866691,-10.379363477401826,10.3304892469631,0.01932966099312331,-0.00038821341355887887,0.035555485960821254,0.6774088801399039,0.4216345,0.49002945187163915,459,0.30359250726708187,3.0727023319615907,0.19753086419753085,3.0467634,0.0023815713,0.05971507381399159,0.8763689845467617,-3.033109253240625,109.43031188303578,-2.9607172,15.53036,-3.096046778911112e-17,0.011539120665411757,3.052046566191692,400,-0.044552125,0.0011421216
0.9999808708035486,-8.944638921545433,10.940429509443574,0.013806382658988078,0.0009814054413381007,0.031474641546812135,0.7498995689779377,0.42851996,0.5759587441153163,480,0.30414942875937867,2.048468221307727,0.19753086419753085,2.652254,0.013930203,0.06255478100606116,0.7795349067877385,-2.2030096630572524,114.26911642221316,-2.41261,15.530427,-1.850371707708594e-17,0.007871985302871962,3.5738803832139805,420,-0.051271193,0.0013450444
0.999980765009993,-17.8455434296011,17.06012272338984,0.015888035191846,-0.00038714153095992915,0.028599487791102152,0.765418860625344,0.4267788,0.5604770624532894,439,0.2855761524571661,2.048468221307727,0.19753086419753085,2.3538795,0.020207115,0.0700738539403834,0.8029964987446819,-2.560394848143975,106.27214352212047,-2.6978703,15.530438,1.618548373029841e-17,0.006732526629790703,3.8383277045975883,440,-0.4063551,0.0042895186
0.9999828800992852,-9.423940863873778,11.031207405170214,0.02209439869183591,0.004658912594350522,0.03136622940762962,0.7347089378024341,0.4293758,0.4635479659434478,453,0.2957585277407859,2.048468221307727,0.19753086419753085,2.553465,0.021181153,0.05261562678551176,0.7824788207855097,-2.5159661874397194,108.98382049030798,-2.3718877,15.530793,6.27410804203179e-17,0.008334728887474226,3.376383385628673,460,-0.04563288,0.002099456
0.9999807046577017,-10.155505462306825,7.976264160722205,0.01519504745386985,-0.0005761302670252928,0.026336834415704852,0.7682397346741635,0.4095016,0.5411020152715003,438,0.2811838628253866,2.048468221307727,0.19753086419753085,2.647355,0.017133763,0.05017286096659664,0.71818064515392,-3.070673083768194,105.34372430609785,-2.652153,15.531633,-1.6222436889500003e-17,0.00611171799168962,9.246607053416517,480,-3.0937235,0.0043068086
0.9999841491301616,-19.179297785876482,24.539942480653593,0.02007506381885571,0.0009726378109137252,0.03858208779221412,0.7036641868175746,0.4298131,0.48272436316419576,499,0.3271351937141887,2.048468221307727,0.19753086419753085,2.6479247,0.012611316,0.07781811421582707,0.9094039073144266,-2.127319395331901,120.59965968102992,-2.3614964,15.532363,-3.5598333454914836e-18,0.011880416962245751,4.022492835539536,500,-0.19707564,0.004646871
0.9999829531285479,-11.10714648710877,13.185579753843161,0.021668723144813516,0.0011823555899531189,0.03377503894988194,0.6862054294026594,0.41241044,0.48219774994729026,464,0.3004111068340548,1.365645480871818,0.19753086419753085,2.9035215,0.022310717,0.05444194414889541,0.9028436668771445,-5.883211737685735,110.9632468511298,-2.8310666,15.532223,1.5313421029312504e-17,0.010599039482911762,3.4203772665161014,520,-0.045395594,0.0013475706
0.9999818370553505,-23.993232814276976,22.370434499774753,0.022657674037460447,-0.0018821354455664861,0.03030481647187447,0.7886584156502794,0.43460974,0.5270638319076538,475,0.2990883869531744,1.365645480871818,0.19753086419753085,2.4638338,-0.003691661,0.07400809484782349,0.8331536231107651,-2.518451472608636,112.98945295134558,-2.9247093,15.532481,1.495879443705474e-17,0.0064102330758349585,4.537418447823454,540,-0.056304693,0.0019459594
0.9999820716120711,-30.045883776029005,33.726771927890674,0.01691968911702371,-0.0006583670486120061,0.035344320387419186,0.7678267831941246,0.43786648,0.5616136812347758,488,0.3091072961206952,1.365645480871818,0.19753086419753085,2.4844456,0.007193375,0.11509119423350815,0.9352136345259715,-3.147130191901637,115.17666221582522,-2.6276307,15.53222,1.4560301962297136e-17,0.0083812732242584,3.120914731954928,560,-0.053848088,0.0021912523
0.9999808489060531,-17.200039336118486,19.099723593908696,0.022848005219422356,0.00291606104569023,0.030906038712766367,0.7769220517433372,0.42276546,0.6033416639296905,471,0.3033331417273978,1.365645480871818,0.19753086419753085,2.3501978,0.0042590336,0.06733097112270223,0.7865746076229326,-2.391206040685682,113.49105431670804,-2.3237705,15.532049,3.017166606200001e-17,0.006921097354541505,3.272056804276954,580,-0.056219295,0.0022259345
0.9999803929305582,-21.15974093419866,11.839559243143343,0.015622861254195217,-0.0010389034524903732,0.03265386583898374,0.7943772608979108,0.42360047,0.6162566874420432,486,0.310474419808395,1.365645480871818,0.19753086419753085,3.008645,0.0072778175,0.06331131054001002,0.7513566063658605,-2.826929591247938,116.27100106634455,-2.7118587,15.532479,2.1930331350620375e-17,0.006735613454694176,2.859411149250738,600,-0.04665521,0.0020603053
0.9999817792384502,-84.89706236699111,108.24407259033619,0.022743685700074952,0.0013866302605008232,0.039489349209479885,0.8173586621507787,0.43822187,0.5582394453319247,523,0.33615666766586344,1.365645480871818,0.19753086419753085,2.8628907,0.01889037,0.4380058962290017,0.9732931253362204,-2.350107704132123,125.93333615757274,-2.6004064,15.53242,-4.0757709508227546e-17,0.007293145900098553,4.020682872083745,620,-0.056033514,0.002272407
0.9999833080910884,-15.353419918743349,28.925166133278335,0.022062017571475533,0.0008636307991034402,0.04374183846312845,0.8509051750931453,0.4351998,0.5930675209098546,537,0.348700168649761,1.365645480871818,0.19753086419753085,2.6361935,-0.00033796864,0.08836745371325914,0.9487864964020127,-2.66407060152465,128.80001333456056,-3.0861077,15.532518,-2.646341660186593e-17,0.006523452156509444,2.9479285921864933,640,-0.059432622,0.002106601
0.999981233672126,-14.668143110608641,11.46488449083223,0.019804940280349664,-0.002654347804014419,0.038138840309041494,0.8881151421480618,0.4482538,0.6463528422676375,537,0.3386812888092502,1.365645480871818,0.19753086419753085,2.318708,0.015378243,0.06519504154307679,0.8349807259275464,-2.916402126027161,128.13942904235137,-2.6591625,15.532877,0.0,0.004328562150970008,2.9890960628023997,660,-0.059168886,0.002385795
0.9999870833902055,-8.453406316797823,7.398831887294769,0.017428357716021272,-0.0009856534245624344,0.05826680009081539,0.8130556466645383,0.42776972,0.35640888649465297,531,0.3537147668514334,1.365645480871818,0.19753086419753085,2.466642,0.012660311,0.05803174429025976,1.2486855476849168,-2.5617409732568386,126.11971066092403,-2.4586492,15.533998,0.0,0.01089291011220531,3.983521248292102,680,-0.05078358,0.0020246918
0.999985901168064,-6.458915530267021,7.909660306623014,0.019033370813791223,0.0007692625202445388,0.041732091399939546,0.7321780883286048,0.43714368,0.4007044547009453,490,0.32159697497351625,1.365645480871818,0.19753086419753085,2.684044,0.012299814,0.05472353158381417,0.9777943937789655,-3.0199328771140816,116.22324790201375,-2.5641518,15.534326,0.0,0.011187882036516597,3.547008145977929,700,-0.051245246,0.0022019872
0.9999832039611138,-13.248077108618013,16.21843417882134,0.00877531218641653,-0.001765814354696609,0.03386730516810342,0.876169158250205,0.45180434,0.5040727388491757,534,0.32928333184251557,1.365645480871818,0.19753086419753085,3.1799803,-0.0065843137,0.06653323676547201,0.7397755468808789,-5.255911837556537,126.73871552658633,-2.721912,15.533368,6.653021870412923e-18,0.004308076076417387,2.8239778092643757,720,-0.054827068,0.0024882702
0.9999847400968197,-14.099901813664728,16.065838821410804,0.019254827896346634,-0.0009450141320390955,0.04732518963572173,0.8320801704771339,0.44337586,0.48967404431361405,540,0.35166637330999456,1.365645480871818,0.19753086419753085,2.5312219,0.014973303,0.07149701101903831,0.9481561148257522,-2.9491948917023296,129.12376605810053,-2.669987,15.532221,2.6316397620744452e-17,0.0079698202630354,3.742733563726433,740,-0.07579062,0.0028860746
0.9999848452186305,-9.274212634611432,11.474197695482044,0.019662520013839325,0.0001718703742043096,0.04469618540551046,0.8017306889767416,0.42611358,0.4975684476019091,539,0.347563574780769,1.365645480871818,0.19753086419753085,2.2794945,0.0064814817,0.06059092234471351,0.989642674364045,-2.5316459328491576,128.65954713748891,-3.0536697,15.531774,5.2730444212252334e-17,0.00893779242394069,3.5550750476142934,760,-0.052476767,0.0021263824
0.9999869879821011,-19.76492732677594,15.673223242682136,0.008727841810598718,-0.0015503711718626036,0.06612407028177636,0.8387579048894429,0.44011626,0.5216230932320001,621,0.40446667982975026,1.365645480871818,0.19753086419753085,2.622138,0.015619711,0.07152423839209779,1.1408637187712938,-2.9382026855575365,146.9334827543853,-2.8442235,15.531349,-6.865147205411596e-17,0.011054509019304978,3.188315864573038,780,-0.044390958,0.0020990034
0.9999846156015557,-16.26395702649434,19.472620414946785,0.018523986069177798,0.00012894263115188664,0.042251248254289726,0.7723911319662551,0.42859483,0.4896619406861854,516,0.33451826209697416,1.365645480871818,0.19753086419753085,2.35132,-0.006931927,0.06996093833146881,0.9483496895152824,-2.369775803197095,123.48506317619675,-2.568493,15.530648,-2.0655312086049424e-17,0.01014867894515755,3.5511570471369978,800,-0.061942548,0.0024951631
0.9999853609082426,-21.230809743380867,24.130681271735778,0.021259118359523068,0.0005662020998024966,0.0454257965571921,0.8264992030985212,0.4389806,0.48798182054652184,550,0.3553548302630252,1.365645480871818,0.19753086419753085,2.4606214,0.0041793254,0.0923468836579348,0.8818508692903504,-2.719106510787588,131.75359047948683,-2.441607,15.530255,-1.2918958832001822e-17,0.007882798702982044,2.5734661822931253,820,-0.060981452,0.0027304909
0.9999851215111286,-17.05192910966328,16.873230993872646,0.016593561048149203,-0.0005990920647663946,0.056818801799625875,0.8539226793978778,0.44946966,0.6180300434684729,630,0.40303569597933603,1.365645480871818,0.19753086419753085,2.58958,0.009304114,0.07569348653684395,1.0879365811228974,-2.6230824771581527,152.12507135240702,-3.393618,15.52991,-3.3835368369528583e-17,0.008313943191230128,3.4784697789029355,840,-0.05989029,0.0031218817
0.9999861821531845,-14.297079676775128,21.33005835847067,0.022293642314918177,0.0028327944580362834,0.05897983079731009,0.8229082689673866,0.4245179,0.5187026037100815,563,0.37859705082294604,1.365645480871818,0.19753086419753085,2.604409,0.023428429,0.06850826121880145,1.1943237312150108,-2.6507313263514054,136.80839026478856,-2.2682772,15.529393,-2.52413050003588e-17,0.01070359382290481,3.818133564016724,860,-0.05559573,0.0028118333
0.9999850418191571,-19.923277622462226,19.075360498171033,0.023139833302734083,-0.00014869653176042793,0.045444221929772204,0.8144512063396889,0.44705155,0.5198792349419694,540,0.352469524301756,1.365645480871818,0.19753086419753085,2.4453952,0.007486125,0.07053842063341856,0.9635236899157114,-3.6946574809518307,129.4546486780674,-2.4557066,15.529191,-2.6316397620744452e-17,0.008455859973979513,2.642371584796118,880,-0.06547093,0.00263307
0.9999856162644284,-11.62360050682208,16.567787527786642,0.022042572506153036,0.0024037559556036713,0.055845477613026905,0.8457864581316471,0.4493206,0.5348245544215874,591,0.38678929327847344,1.365645480871818,0.19753086419753085,2.8365502,0.015858468,0.07186375788806994,1.144911032223504,-2.823631087404308,143.19143159111474,-2.802151,15.528938,-1.20227197252132e-17,0.008852951538268598,3.735586590696735,900,-0.0533089,0.0024593195
0.9999880701299542,-18.662923295506292,29.27908848914926,0.004500982125846695,0.0017163644823022894,0.08578225563936122,0.8079788384316011,0.43755978,0.4914934732397719,637,0.43633072958858166,1.365645480871818,0.19753086419753085,2.2359269,0.020872325,0.08955928103492734,1.4051811130414964,-2.4956959068782467,154.24120061148182,-2.5977573,15.528951,5.577258522449766e-18,0.016525727836493264,3.3910614464130315,920,-0.06328026,0.0024201754
0.9999878913202995,-16.750067193764185,28.265610396743572,0.020359116336658364,-0.0005145379242084289,0.07681913561922842,0.8218640302264891,0.43504196,0.49318714475650305,664,0.43385189328892454,1.365645480871818,0.19753086419753085,2.3996205,0.015203871,0.07565082398735326,1.351850098404451,-3.059689618739963,159.01931729737638,-2.5187447,15.529262,0.0,0.014479383008617154,3.5185051867812027,940,-0.06610896,0.0033289394
0.9999867960543253,-31.226188476119415,49.01049641647622,0.019840150772331856,0.0024785251864643068,0.05706478145166409,0.8243176689142557,0.42830506,0.5287428953545426,603,0.38956306139854147,1.365645480871818,0.19753086419753085,3.4097,0.024153046,0.11045104549063287,1.0897107713098169,-2.9474026478961335,144.26917301370764,-2.8374224,15.528255,0.0,0.010090344473726021,3.0867661570052674,960,-0.059566062,0.0030922834
0.9999870436412752,-13.84865269450072,16.01978371075786,0.022747890520130654,0.001578075849840301,0.06632202789569801,0.8212640279722476,0.43987244,0.5547034228346379,647,0.4224647326344364,1.365645480871818,0.19753086419753085,2.7365234,0.02382018,0.069674763184311,1.2112871315181537,-3.3234262083984945,155.8501856323623,-3.1571312,15.527037,0.0,0.01185420173344133,3.657151659897655,980,-0.04244034,0.002309578
0.9999841575791073,-39.062732914740984,32.397251762544315,0.02049950656541432,-0.00040260812980870707,0.039528311300429136,0.8496000018309254,0.43591872,0.5305673737868952,567,0.35287503674081194,1.365645480871818,0.19753086419753085,2.733325,0.0033543361,0.11381433290008476,0.9093824064354802,-3.7144830242591125,135.34419694473334,-2.594534,15.526555,-2.5063235829280428e-17,0.005979476236575322,3.5452430082856448,1000,-0.065005094,0.0027506978
0.9999856240509126,-11.884728396394253,16.586521739253634,0.019899208570280803,0.0003624603734908691,0.06222357085292383,0.8106372875526456,0.4322578,0.5697656327634937,613,0.3999600004895379,1.365645480871818,0.19753086419753085,2.7218246,0.02418571,0.07096260211218604,1.1863974911200603,-2.9808994646822735,146.78791706862341,-3.127855,15.526269,2.89780887340987e-17,0.011800707351922698,3.8252808949473227,1020,-0.06670646,0.0035656653
0.9999851549663467,-9.482360244100487,15.58845805952434,0.020002566379755574,0.0007310528255158765,0.051532997949241474,0.8239914942836796,0.43485263,0.5616931262629631,605,0.3879422522239156,1.365645480871818,0.19753086419753085,3.2086194,0.020410785,0.06263115209424054,1.0424063541143358,-3.497922256839482,146.43451856001394,-2.3307433,15.526268,-5.872254014546282e-18,0.009090979746669791,3.001713483111458,1040,-0.055353932,0.0030329349
0.9999848145163274,-22.42667211265903,24.916371068731884,0.012616524799110797,-0.0006199343903654913,0.06081007450572404,0.828728762040097,0.43425214,0.6300828617583162,633,0.40043448083564426,1.365645480871818,0.19753086419753085,2.7944999,0.020633372,0.08243190099674,1.0951706645008823,-3.2880871923690704,148.60716394660633,-2.452173,15.526227,3.3675011173464466e-17,0.01042870140390805,3.442271686600217,1060,-0.15482739,0.0049659587
0.9999840738095004,-20.81513618567355,14.898175649202257,0.021112984042464804,0.002988288690146372,0.056805193816897304,0.8848532853601102,0.44382507,0.6653741575827954,639,0.4091138207945857,1.365645480871818,0.19753086419753085,3.0472953,0.011836551,0.07447258736924733,1.0048872810306237,-2.8213384886959654,154.78819706644973,-2.983612,15.525705,1.1119604628483571e-17,0.006552164196725416,4.082718704836177,1080,-0.046835456,0.002316678
0.9999868696751216,-15.92044152207367,18.404453363208283,0.02199556154104013,-0.00047578405591024105,0.06606710406170131,0.7893300046831027,0.44499397,0.5206645556592933,645,0.4139414759195954,1.365645480871818,0.19753086419753085,2.5289052,0.012443827,0.07813052231235104,1.166776145166633,-3.372486925360422,153.3404595394903,-3.1339197,15.524883,2.2032332891786052e-17,0.013920121477372644,3.259280309718322,1100,-0.0585291,0.0036472527
0.9999873578469216,-16.96469095845207,10.59350683057064,0.021847197365628433,-0.0020054099285338697,0.07639130578623923,0.8242371409777538,0.45312288,0.5396520336095803,592,0.4114168315159869,1.365645480871818,0.19753086419753085,3.1559396,0.017259574,0.0670877808156121,1.2207564612595685,-3.1201033623833925,143.00048050238402,-2.6660285,15.525267,0.0,0.013640460512761837,3.281234702552547,1120,-0.09288508,0.004582368
0.9999873323175815,-15.608198487298672,15.907135168018737,0.018611853912820022,0.0005930675675007293,0.068968061002451,0.8167793269180894,0.44700077,0.5477979802614836,689,0.43978899398532134,1.365645480871818,0.19753086419753085,2.8165221,0.023446556,0.06682281281048605,1.093272697104339,-3.6378880020109547,164.43760883596445,-2.3783982,15.524613,-1.0312666701888246e-17,0.012749385360711785,2.9715109530722135,1140,-0.04762187,0.002992666
0.9999875784338526,-8.266701852667529,16.70786912385013,0.018845809049275682,0.0026295054847077777,0.07891762677271144,0.8419549851208683,0.4460847,0.5561717392785517,665,0.43800486784472675,1.365645480871818,0.19753086419753085,2.5313292,0.03015571,0.06470775798939087,1.3640545509181796,-3.1145729419795045,159.04980767248244,-3.0770607,15.523549,0.0,0.012531513911648948,3.9085855182294287,1160,-0.062326387,0.0048020114
0.9999899569327029,-8.675549177781438,10.905087919633289,0.01896264481607905,0.0014929394665283027,0.11214204025762992,0.815429125856899,0.44360688,0.44443375376866123,633,0.45189966159152106,1.365645480871818,0.19753086419753085,2.6210954,0.03046536,0.060568797998330155,1.6490383702324325,-3.1943299205649747,152.65993185418088,-2.7265646,15.523337,-2.245000744897631e-17,0.02071826311143607,3.5291454380216383,1180,-0.05925871,0.0034435552
0.9999881138011962,-28.942745590393297,23.69360883491071,0.020490659126193397,5.886895160770288e-05,0.08364449643147776,0.856180628228505,0.45279902,0.5843629673062425,714,0.45805227762482925,1.365645480871818,0.19753086419753085,2.6228163,0.01694312,0.10358038763259196,1.2378345072987256,-3.9057640204322404,169.0661391010419,-2.5827103,15.52385,-2.9854736796642864e-17,0.012382262910087505,3.501066853827592,1200,-0.05958171,0.003656442
0.9999888631190685,-34.58598306662843,40.11963824229101,0.01867014650938836,0.00643109510961177,0.10198752612271599,0.8864165338920994,0.445229,0.5914413817843114,886,0.5510387603266258,1.365645480871818,0.19753086419753085,2.83725,0.057695284,0.08990141338549922,1.3690782623345543,-2.7949113615802963,213.506042034602,-4.158887,15.5237465,-8.019669703838602e-18,0.011611405548482317,4.322275149712431,1220,-0.04475912,0.0026697854
0.999988558007038,-21.574761381473028,15.09127972155769,0.003201268228893402,0.0006109273746938146,0.08098336950415483,0.7955286639516438,0.45708868,0.49808613924076606,709,0.4543125307875036,1.365645480871818,0.19753086419753085,2.6891446,0.032368716,0.0724288851367899,1.2947906716838389,-3.137689626844939,167.5449046074572,-2.3695455,15.5233555,2.004351863921298e-17,0.01817706274377611,4.022063092340943,1240,-0.066594705,0.004001752
0.9999883080068254,-9.97892406889537,13.593672137663525,0.02381531300899761,0.004539005599032667,0.0820566048198808,0.8635339390736949,0.45514995,0.5632838576622987,770,0.4903572137096424,1.365645480871818,0.19753086419753085,2.7819648,0.0514957,0.06409040930176943,1.1702273511820216,-3.690792201068731,185.3747139145387,-2.970921,15.522396,-3.691131094857663e-17,0.011218811564061437,3.960864429149515,1260,-0.046851434,0.0030471839
0.9999888486936713,-22.59041912804519,23.515774934790876,0.01833477293065384,0.0025228838504485302,0.07874892516651556,0.7640843531488108,0.4428421,0.4567507832318971,589,0.41136219654992456,1.365645480871818,0.19753086419753085,2.7112217,0.020024337,0.07531409129430651,1.187308479132522,-3.0587539928632306,141.30348193867107,-2.381104,15.520878,-7.238126340510359e-17,0.018630756379753824,2.782503706903894,1280,-0.06809123,0.0041536
0.9999905348618601,-10.47091414918819,10.784493415403904,0.020491760611878844,0.0011333423931777665,0.15025755825814432,0.8376389268763266,0.44795302,0.4323742100768426,870,0.5857092620994067,1.365645480871818,0.19753086419753085,2.7733462,0.04191139,0.06964026293290267,1.6801156232298537,-2.971621121327243,207.0029729007436,-2.7350035,15.520279,6.533726305840002e-17,0.024409055585965896,2.8103046255325754,1300,-0.0596223,0.00469705
0.9999908472213114,-12.09028625338952,13.648050117111461,0.019932668724956602,0.004324799473116441,0.11908469542258185,0.7921199303658257,0.44804206,0.4652219314723981,737,0.5186177776111068,1.365645480871818,0.19753086419753085,2.5703418,0.04635067,0.06704901350522306,1.5055952710412148,-3.6095985529671273,177.34663249294985,-2.6582568,15.520057,0.0,0.024832411995432794,2.9061123299190523,1320,-0.046575148,0.0031724398
0.9999905351801811,-30.384914207006428,21.79643292862231,0.020328791863250286,-0.001058830754972054,0.09123561786337558,0.8220059717433461,0.46328276,0.29058084199678336,698,0.4600179321663987,1.365645480871818,0.19753086419753085,2.5339816,0.009701176,0.08827142225745968,1.4876745910768214,-3.950577751276911,166.50031772137925,-2.6532748,15.519423,0.0,0.01631438424104076,3.608005435267542,1340,-0.08185404,0.004128661
0.9999908769027058,-13.613294772108782,15.78887753616963,0.018988918393229737,0.0014856486661679192,0.1295668943769893,0.8527269127303272,0.44788843,0.47682418888540967,892,0.579259399190437,1.365645480871818,0.19753086419753085,2.9982607,0.03311184,0.07162729330643246,1.6219809070323397,-3.063670020284756,214.12940644303393,-3.1145616,15.519374,3.1862902948883416e-17,0.019082672921013417,3.4168595550371306,1360,-0.046970513,0.0032232823
0.9999908848497872,-8.92211775662024,14.638849219957757,0.0210726878606244,0.005678667104637528,0.14825215114670123,0.8604726232222508,0.44478717,0.5276181744546503,857,0.5936296109480486,1.365645480871818,0.19753086419753085,3.0897238,0.053296484,0.06884878485386493,1.7509642790974886,-3.8787438433637074,206.2771254204872,-3.0186193,15.519036,1.6582094183432908e-17,0.02069547294633924,3.027817449895035,1380,-0.051262766,0.0036238956
0.9999925222633749,-26.05536304545203,28.03631911213074,0.021770757529221352,0.0013477678151447947,0.15702882044556918,0.8381954448216088,0.4450621,0.31188135607402245,821,0.5660971056401469,1.365645480871818,0.19753086419753085,2.9366333,0.03668202,0.0872569499237924,1.939756109826615,-2.8502400900446014,197.65952296028854,-2.8411694,15.518964,1.7309201845556642e-17,0.025485559861611957,4.389880430132874,1400,-0.104250245,0.0036238579
0.9999904056720907,-18.717607412433782,20.638671365545452,0.012606981316262717,-0.0004167612629051465,0.09183237643103709,0.88582729194237,0.45319074,0.4662913349039076,834,0.5147690189783765,1.365645480871818,0.19753086419753085,2.5922725,0.0361359,0.07528461883706532,1.340161797985541,-3.483240506689238,197.49906410906826,-3.1720066,15.518363,8.51969707146403e-18,0.010487579879804323,4.277674071333186,1420,-0.054188367,0.0039201034
0.9999912176356515,-10.606534147450487,14.068484261305784,0.014470844903027904,0.001653367953159374,0.15752511346124895,0.8769552538714074,0.44892815,0.4792955733920631,938,0.6077530569876254,1.365645480871818,0.19753086419753085,2.5771925,0.03437531,0.06644030206347347,1.926921240247205,-3.1058863486626485,224.82183058299597,-2.6951542,15.518009,-1.0605115459105973e-16,0.019385216072607257,3.357959228210627,1440,-0.045117438,0.0027124805
0.9999905289851085,-8.72558346539923,9.257097239097554,0.020240211418026118,0.004250569294272459,0.15043170933537234,0.879688160494585,0.4453467,0.5587017444462918,987,0.6359902842430162,1.365645480871818,0.19753086419753085,3.00951,0.059547547,0.05762626016584507,1.7379232621581422,-3.4428199793951295,238.26035782903688,-2.6089365,15.517839,1.4398029093416418e-17,0.018164466439972764,3.189881068598566,1460,-0.044834822,0.0028338302
0.9999905998580265,-13.67692664100872,21.727590234401486,-0.005761973553097667,0.0017526430765270461,0.13039699597019908,0.8883854052911485,0.45100564,0.5449382479263878,925,0.5911427566911526,1.365645480871818,0.19753086419753085,3.2298012,0.05045553,0.06305211325839397,1.6149719830887876,-3.237939428559459,222.73126249434804,-3.2313075,15.5177765,-7.68154308929838e-18,0.014562228831301073,3.1619130130135176,1480,-0.0468387,0.0030747522
0.9999913862035563,-21.60155431574178,48.26999130591417,0.016375513847167105,0.002419149548806195,0.16767622574724952,0.8760512012264335,0.4554558,0.446077693558271,825,0.5909879322429005,1.365645480871818,0.19753086419753085,3.3194113,0.04107685,0.08408583643223536,1.92275699086673,-3.844237058822689,199.89446436366518,-2.8810573,15.518187,-2.5837917664003643e-17,0.02080864910172245,2.696161923857105,1500,-0.06544003,0.004040442
0.9999914783002672,-11.159382268798232,12.376470577774413,0.016456554074306736,0.000968540873869538,0.14527949030249027,0.8854979314045455,0.44766638,0.49267589515191246,897,0.5795797112182642,1.365645480871818,0.19753086419753085,2.9748328,0.058475647,0.061847783414674076,1.6208896395759982,-3.1837428579300906,210.3951519852465,-2.7169914,15.518197,0.0,0.016931543554736743,3.083719704502989,1520,-0.04179434,0.0035350942
0.9999914054256812,-15.582382219379282,17.62289871587027,0.014159267727701002,-0.0003445227146744022,0.13902975032378334,0.9009071313791045,0.44933748,0.497388150535206,990,0.6141102478381809,1.365645480871818,0.19753086419753085,3.0468066,0.05217866,0.06544326242681162,1.5644723453671907,-3.2838442454548114,234.54443087894137,-2.7421308,15.517233,1.4354398702224246e-17,0.014237958051577166,4.391282741478353,1540,-0.042956073,0.003880968
0.9999921042895159,-7.120240231958755,8.51083822491726,0.02018641070738615,0.004997793653692984,0.1546164110404437,0.8901330857337357,0.44559228,0.3493601008908567,897,0.5971898729329372,1.365645480871818,0.19753086419753085,3.8413644,0.06508858,0.054835639249318203,1.8889597806691767,-3.109261564586283,214.48374615455268,-3.1642008,15.51688,2.3763971095655524e-17,0.017177976233269318,4.325548887782293,1560,-0.047771722,0.0034726004
0.9999907548524978,-10.948858048830786,17.076315493750638,0.021772075644623357,0.002742673764666959,0.15951057739609603,0.9268759569608253,0.44774747,0.6029687422966705,1039,0.6653786059297055,1.365645480871818,0.19753086419753085,2.6733537,0.059492536,0.05879558344243765,1.7146071869794248,-3.2397108391744465,252.44561023312798,-2.7294157,15.517418,-8.548396724736527e-18,0.011677804065956629,3.6475198855570636,1580,-0.04155529,0.003374155
0.9999907948977427,-10.810000013432143,12.975513222578224,0.021140229070915437,0.003030552882536053,0.14286959531898488,0.9047510804727955,0.44892412,0.5455998006914844,917,0.6076405268815768,1.365645480871818,0.19753086419753085,2.545957,0.051774196,0.06326893389599711,1.7844821814955059,-3.8476141201958787,223.31164815224093,-3.0239003,15.5176935,-3.293136997797629e-17,0.014171548884445873,3.4314462690642777,1600,-0.049562115,0.0035844375
0.9999906091474767,-10.217063244548578,13.977443356179784,0.019618820657469057,0.0012107238024519542,0.12878358381555907,0.9013775497831193,0.44550478,0.5395051299152539,918,0.5909117171766501,1.365645480871818,0.19753086419753085,2.92653,0.06432037,0.06218524396809884,1.4428954339145705,-3.906445130805852,218.4492485755681,-2.6280203,15.517634,7.74011694727778e-18,0.012838065256937118,2.65788715000659,1620,-0.047329362,0.0040350617
0.9999906162834495,-44.405813139006504,53.615361471311566,0.021664126622708113,0.0031020492448332014,0.1380186840910301,0.9019215592133918,0.45798653,0.5129740758295143,829,0.5536443593194948,1.365645480871818,0.19753086419753085,2.7297902,0.04701063,0.09780996545838833,1.6724389693552326,-3.0572633791909523,198.14999540108062,-2.7197144,15.516626,0.0,0.0137903488825935,3.0835539913447265,1640,-0.073472105,0.0041369954
0.9999898440766214,-14.14384916367593,15.72450800616306,0.01378248824888857,0.003429558755041322,0.13975047078204092,0.9206395278063098,0.45315227,0.6529743465634925,1005,0.640912961649485,1.365645480871818,0.19753086419753085,2.7304366,0.058801815,0.06409915561839032,1.5491675144892478,-4.55980939162773,245.43728934418633,-3.29389,15.516212,1.7675192431843288e-17,0.011103161773837756,3.973486340037331,1660,-0.043333866,0.0035567924
0.9999917631698563,-11.58088470660858,11.49434564293051,0.02230240356080157,0.0032728088465882313,0.16948292570766918,0.8895011836863953,0.44594705,0.5004250466638469,946,0.6579965895026231,1.365645480871818,0.19753086419753085,2.5335045,0.04313457,0.05783397525538084,1.7457775496512558,-3.0038264513866726,233.64191747293694,-2.9668794,15.515432,-1.8777556441863113e-17,0.018850582456049775,3.3755150357004173,1680,-0.044814125,0.0040609753
0.9999905296015416,-10.79282519299172,9.883671888450554,0.020348745730369405,0.005187300770313804,0.1522228324585276,0.9114906957715287,0.45535967,0.582400975343565,999,0.6480085071194223,1.365645480871818,0.19753086419753085,3.3778086,0.06924166,0.05657570198902582,1.6149604362097945,-4.072267210861077,241.9130688910338,-3.2988567,15.515387,1.6003214769371626e-17,0.013473143652046349,3.111653608814006,1700,-0.04305024,0.0032621198
0.9999902114317951,-9.337757621344517,11.750536153224678,0.02173151896300819,0.004809142778573304,0.17968505622520448,0.9249867071759221,0.45170292,0.6669111759843516,1107,0.723649414366688,1.365645480871818,0.19753086419753085,2.8523035,0.0718133,0.056942860632769376,1.7109791700599302,-4.600339542420707,274.4941097080534,-2.8466077,15.515593,-1.2837267132070464e-17,0.013482502722117715,4.073604026837739,1720,-0.03505972,0.0025053585
0.9999910473667041,-22.507336229772477,24.236017946664266,0.0208723432801314,0.005005700589635406,0.14764180245543632,0.8902007785582083,0.46197927,0.5706620704875769,972,0.6301774540935283,1.365645480871818,0.19753086419753085,2.6332753,0.059076373,0.08377432977363078,1.6001735225274103,-3.7279505636695727,235.97787125841919,-2.919527,15.515404,2.924044180082717e-17,0.016307368644926046,3.7508820530058506,1740,-0.044763807,0.0030442188
0.999991238137338,-10.188129568058361,11.732057808574568,0.02049022097191841,0.003924133712939786,0.1353912276117743,0.9024734350992962,0.44603845,0.48571674907486695,996,0.6185467275039763,1.365645480871818,0.19753086419753085,2.7317286,0.06397774,0.05927908994111582,1.5515576185482056,-4.462997106636636,238.08897826711905,-3.2055314,15.516042,1.4267926420885545e-17,0.013315918107469632,3.201827479271928,1760,-0.052577943,0.004489955
0.9999897517697064,-31.827087749610495,11.586726077361961,0.01837452310460296,0.004913464155398741,0.14207299669379483,0.9184664061284968,0.45582843,0.6148560344053211,981,0.6297259084010776,1.365645480871818,0.19753086419753085,2.9301314,0.069883555,0.06620930265395288,1.7386117888900283,-4.177179336605062,238.34247103365095,-2.6197882,15.516032,-7.243045216718657e-18,0.011607692496585841,3.658890019710001,1780,-0.04462977,0.0037500146
0.9999909194987178,-10.05841181830105,12.74190723897559,0.019385307386619907,-0.00016179975059993213,0.15085478213214376,0.9019189577194743,0.46575615,0.5395427092046545,906,0.611003518260445,1.365645480871818,0.19753086419753085,2.736092,0.055172104,0.059631401664040254,1.6324526717730246,-4.861328524873627,217.59241063795426,-2.810629,15.515402,-1.5685270105079474e-17,0.01481338937778498,3.3394827733194767,1800,-0.052603666,0.0031501316
0.9999899439763869,-17.512462612133064,28.776395785484244,-0.002168083302544612,0.006881084447552314,0.16510372790829683,0.921168397521869,0.4405208,0.6225621400764033,1086,0.6915572682263648,1.365645480871818,0.19753086419753085,3.1030517,0.08100416,0.05862165790601081,1.8225537055902876,-3.834950485833642,267.9001396389329,-2.6151333,15.515431,2.617100315875139e-17,0.013323080241002089,4.595061999326353,1820,-0.041613493,0.0032770569
0.9999922288544296,-28.218705224221125,18.4873037328597,0.02079695937125895,0.004572251259283475,0.19234061311027892,0.8935272202821166,0.44604945,0.5297415769155,1020,0.6944365856109272,1.365645480871818,0.19753086419753085,2.8173501,0.07787089,0.06933324278935858,1.896879529235714,-3.8233198630189036,248.0998286909293,-2.9788923,15.5152235,-4.179663151530001e-17,0.02057741566536666,4.082099228744334,1840,-0.0633734,0.0048992243
0.9999922797019842,-30.83711228624165,16.641397250030913,0.017017353509368366,0.006555291274492951,0.17376042631626826,0.8869852517007869,0.4435129,0.47087891219519495,971,0.6585887541921297,1.365645480871818,0.19753086419753085,2.5569327,0.076717496,0.05684204513636889,1.75410865499063,-4.071565565957099,235.52871318728808,-3.6347275,15.515579,0.0,0.019698450637602314,2.792081524924555,1860,-0.04781325,0.0038016168
0.9999905922824363,-16.876451937289765,23.597815727146596,0.018918893321575456,0.004249917346221731,0.12767851324885351,0.9072976269365958,0.43121424,0.5503420161903569,942,0.6041541663022962,1.365645480871818,0.19753086419753085,2.9417095,0.0817786,0.0550411101678925,1.499207979628219,-4.077119688212011,227.46609717609303,-2.6534677,15.515349,7.542916515500002e-18,0.011856088278979535,4.365866870286063,1880,-0.04405958,0.0032382468
0.9999898231467432,-23.083400967111768,20.696531963966834,0.022994746324436443,0.007290415777600379,0.12560419405284218,0.9238963472621974,0.45961553,0.6319669547645831,1003,0.6458024461349264,1.365645480871818,0.19753086419753085,2.8242998,0.07986553,0.06329990734292666,1.4333293373976368,-4.529768025877673,252.14527036964637,-2.9023309,15.515656,-5.667339866481357e-17,0.009563815517421479,4.135685734839581,1900,-0.052324485,0.0040299674
0.9999911653603037,-10.7159763073267,16.81581656197321,0.01732258593813305,0.004417603304605076,0.19538727636556988,0.9143078162539517,0.442703,0.5229763192238432,1079,0.7038075833134473,1.365645480871818,0.19753086419753085,2.8839703,0.06637404,0.05514189730203847,2.0430103416131993,-3.825800404168409,262.7142057723824,-2.4841852,15.516283,-3.95111808578369e-17,0.01703513866597916,3.8198661548113892,1920,-0.043581344,0.0038124453
0.9999909422952481,-11.220259016204054,13.204903544254782,0.020727314030079366,0.006359484841070839,0.1624235309785114,0.9333336555782281,0.44556832,0.5936245981565158,1146,0.7034845327523643,1.365645480871818,0.19753086419753085,2.7272737,0.088889584,0.05408415701462966,1.7590547480294032,-4.184897969360706,278.7067528941622,-2.8111873,15.516879,4.960158713857593e-17,0.01083235932661672,3.6168192630257323,1940,-0.07403089,0.0034650841
0.9999914351824879,-11.351105259361137,11.659824469744263,0.023907568925353825,0.005369415637011537,0.18246296465031522,0.9166932216070834,0.45413902,0.5724424454315915,1141,0.7389802179013113,1.365645480871818,0.19753086419753085,3.7484338,0.08252097,0.056456283505165336,1.8256609452801456,-4.374897139887767,284.5238093847214,-2.9125896,15.515608,1.2454736823139355e-17,0.015279146417507926,3.592984682791499,1960,-0.044218607,0.0044011436
0.9999901089404217,-18.053945554148385,14.299020064408646,0.0038749992999162542,0.0032121280985373192,0.11953956102555784,0.9317564366577504,0.46058536,0.5940663411845204,1036,0.6301107896378438,1.365645480871818,0.19753086419753085,2.9080665,0.07191206,0.06465807743544796,1.3504370231270026,-3.4990158617622527,253.71555508006819,-2.9647603,15.514827,-6.858520615444983e-18,0.008216854900220021,4.8525625835080275,1980,-0.05320452,0.0045959665
0.9999909189274203,-25.612399517883063,25.35276663557805,0.018779174560705707,0.003793225734171121,0.13871665658601515,0.9031363555994278,0.47959384,0.5618338107629055,886,0.5949485199552214,1.365645480871818,0.19753086419753085,4.1732416,0.05313944,0.06976416366528823,1.6052150873047657,-3.940313030867152,216.53431231155145,-3.4616342,15.514632,-1.6039339407677204e-17,0.013691837159679175,2.5814062667980746,2000,-0.059333563,0.005480523
0.9999900649679303,-20.03200331474045,29.751463850982578,0.007321612719691699,0.00819143579930739,0.15625101786453105,0.9359426102463421,0.44262603,0.6443505891402035,1040,0.6808846115221725,1.365645480871818,0.19753086419753085,3.1268578,0.08782893,0.06013861615076572,1.6148628836573677,-4.382665073286076,257.8160581455866,-2.8274317,15.513399,0.0,0.010127685227675265,4.063034814606978,2020,-0.04131314,0.004078041
0.9999912336413217,-18.660235713095854,23.345520425235197,0.021509687223488092,0.005769908106154928,0.1930029895224982,0.9080406473745798,0.4505284,0.5209716535383672,1234,0.7521501895807485,1.365645480871818,0.19753086419753085,2.7971797,0.090051524,0.06579787011647989,1.7998350760263822,-3.439109369587225,296.58376985784065,-3.2707949,15.513135,0.0,0.0179710958692819,3.4191815058158364,2040,-0.048561748,0.004505036
0.999991525737167,-18.43366654318047,10.28419802987007,-0.005017138710298839,0.00549576733030202,0.20244651099977512,0.9042243249692149,0.45087376,0.5177082980360697,1172,0.7433477885104667,1.365645480871818,0.19753086419753085,2.9470663,0.09480268,0.054264503011153854,1.909338269515951,-4.664619306277425,287.114757932791,-2.7079768,15.512613,6.062651329011094e-18,0.019903828233504173,3.7874674943365996,2060,-0.052239742,0.0042070746
0.9999917371635009,-13.7630934146483,16.83678312927301,0.018494295043638635,0.0037926695202662518,0.14369918130142065,0.8862325483555076,0.47148928,0.5121721998415176,1019,0.6499036117769935,1.365645480871818,0.19753086419753085,4.2702703,0.07335246,0.0640870872998664,1.4424429377383015,-3.7307326067502307,246.20277748579883,-2.9625087,15.512064,-6.972941469677136e-18,0.017440920869817716,3.197921324928941,2080,-0.08486789,0.0052495287
0.9999900211200592,-19.27758622346237,27.41570687343314,0.02084326636334361,0.006630406760991146,0.1475476967641503,0.9384363030621172,0.44225705,0.6545693381146163,1125,0.6923847874956787,1.365645480871818,0.19753086419753085,3.6495378,0.111430965,0.062133691926823595,1.5163939876490478,-5.849625876318819,278.17673459935213,-2.6078641,15.511817,1.2631870857957337e-17,0.009083599876962984,3.8317861533252686,2100,-0.053025015,0.0046807835
0.9999903425665595,-14.64167207567653,16.093281734712964,0.003246330875264552,0.0020870479443249523,0.16012183491812565,0.9262236794163646,0.4505199,0.643001247312565,1080,0.6917733695956736,1.365645480871818,0.19753086419753085,2.9261549,0.07537927,0.05390137900482068,1.6496867610274348,-5.431948929244792,264.9890249551635,-3.0775158,15.511491,-6.579099405186113e-18,0.0118132320174554,3.993944607252706,2120,-0.05690984,0.005051197
0.9999884978456826,-12.395129288440396,8.305060928636,0.016105673060745063,0.006773660631885823,0.1876519695976028,0.9359540948080547,0.45434868,0.7476487537567819,1270,0.7674647545652116,1.365645480871818,0.19753086419753085,2.8952303,0.095439896,0.0537433323461413,1.9371095482345706,-3.6638010078926366,312.2185786278814,-3.4616327,15.511396,-2.2379298764097643e-17,0.012089178219452974,4.823949200364447,2140,-0.045342326,0.005156413
0.9999910077275351,-10.86829024610062,10.455708252374386,0.0012848973869320768,0.0022628858876394477,0.18440238086672486,0.9216145631444731,0.46438676,0.621581296612618,1190,0.7206588101343485,1.365645480871818,0.19753086419753085,2.9399457,0.06871225,0.051923956411645086,1.8566635159674487,-4.724551489193917,283.405132043539,-2.6669312,15.511986,-2.3883789437314293e-17,0.014495067523085697,4.502334098438978,2160,-0.04566997,0.0042086984
0.9999896624723338,-13.25809991540126,14.409514314149181,0.02067004743290516,0.003479099256913674,0.17357155518889855,0.9379278592386191,0.44461977,0.6871397719391624,1175,0.736979559340221,1.365645480871818,0.19753086419753085,2.831249,0.07494294,0.05418000724269597,1.6900955842304062,-4.740437352411086,288.238705421749,-2.6250646,15.512362,-6.803068746639257e-18,0.010840298133529833,2.6400887278760954,2180,-0.048015166,0.0049592964
0.9999907350685269,-26.41159240251019,24.439989671967524,0.022703065258837432,0.0036546751108761624,0.1686953892349587,0.9299762815974559,0.4606481,0.6257021212417786,1155,0.706038420947912,2.048468221307727,0.19753086419753085,4.5014577,0.080067456,0.0641413031882112,1.8764235090396715,-3.9892171261441796,279.51009486387886,-2.832613,15.5128975,1.2303770316192211e-17,0.011941039197301337,3.4509492705060434,2200,-21.764076,0.008125931
0.9999898991578584,-15.795555326013455,12.791829134863164,0.021971121551813695,0.0014487994601698898,0.11687562918176961,0.9020620913377884,0.4514309,0.580334582374558,953,0.5883989653597061,3.0727023319615903,0.19753086419753085,3.0876164,0.06114551,0.06140087138733565,1.3727650526033048,-5.137834634506149,228.18189935976716,-3.6222024,15.514819,-1.8639631053517842e-17,0.011694244948704781,2.5740745038641726,2220,0.010860952,0.013774372
0.999990693467414,-8.471062152719533,8.599180566740067,0.020107407206452158,0.006287062461091256,0.21574729876408288,0.9275538578086491,0.45817536,0.6736287173580031,1132,0.7338159283366147,4.609053497942385,0.19753086419753085,2.7851267,0.08855462,0.05138731060768554,2.0188315687111538,-3.3480605800093794,274.02117610182756,-2.8317637,15.516309,-5.02150343293357e-17,0.016037368655363673,4.274829078034068,2240,-0.030820198,0.0062759654
0.9999917526915317,-26.400728810305566,25.206639969324172,0.02292560590312587,0.006928663773127298,0.25811282508475536,0.9286193121340939,0.4539267,0.6293148428280593,1341,0.8537993903548525,4.609053497942385,0.19753086419753085,2.853743,0.100384176,0.0650564798528173,2.1141322544607286,-4.03128830955856,330.8978657924107,-3.0649734,15.516205,4.238882838240717e-17,0.018456039815743737,4.025393689259541,2260,-0.026788753,0.002018465
0.9999924575283088,-21.77996932225093,13.568037931396315,0.019724287806258105,0.00537776221968785,0.22812667552292692,0.9043480729686323,0.46284664,0.560038615498541,1259,0.7876416138052881,4.609053497942385,0.19753086419753085,3.5297673,0.080524206,0.06979650051143974,2.1237922554048496,-4.07063046224127,308.4342980638943,-3.0974903,15.514497,-1.6931121582845915e-17,0.021841952909053407,4.528205819043115,2280,-0.039389983,0.0023112255
0.9999934284045539,-11.895923648815998,11.17803919212095,0.022884492748483927,0.0037246818009731924,0.27652619420220337,0.8932310181673858,0.4742167,0.3527613366813598,1179,0.7845540513412854,4.609053497942385,0.19753086419753085,2.723947,0.06439919,0.05887204424320064,2.4439173278591557,-3.69802321791172,286.1827788632827,-3.0577197,15.513767,0.0,0.030421479202340552,2.9170269094468444,2300,-0.034560893,0.0020756498
0.9999924355624357,-10.72078576770664,19.966254952635524,0.02032840540601894,0.00585006660551229,0.20693551144411237,0.9115414877433816,0.46404347,0.5121503484876366,1167,0.7504698438307402,4.609053497942385,0.19753086419753085,3.407992,0.071871236,0.055224845774935874,2.026536448941861,-4.354641536758352,288.0409359099851,-2.6207628,15.514086,1.2177253397773783e-17,0.018332291033176816,3.610056411785203,2320,-0.033681277,0.0022270372
0.9999917330168877,-23.883535391426694,30.692777480845294,0.01816514276939722,0.00257351649199719,0.18941932802275596,0.9333416700885115,0.4610402,0.6083903447457848,1217,0.7517199528798777,4.609053497942385,0.19753086419753085,2.9923296,0.077059984,0.07865989707518023,1.759312919372347,-3.922504938854336,295.4702491434623,-3.1699214,15.513907,-3.503086618373542e-17,0.012627892859102008,3.3585825315450397,2340,-0.04094325,0.0025520544
0.9999912806083444,-17.28065219188301,18.944172577629953,0.013420964997921357,0.004062122039179961,0.15265117225886224,0.918206729075159,0.47417617,0.4884198958960221,1142,0.6734774429618515,4.609053497942385,0.19753086419753085,3.7390404,0.068872645,0.06267082688183846,1.8130989957090122,-3.461581481889754,272.1893428282523,-2.751626,15.514241,-2.4887661497726802e-17,0.012504692066777512,3.7556634522157175,2360,-0.035711773,0.0022783647
0.9999902065988405,-20.013477593982763,17.852790527887173,0.01568949176858598,0.006361180195826215,0.17080240421027262,0.9329509378927319,0.4508083,0.6556503322780172,1254,0.747411473277457,4.609053497942385,0.19753086419753085,3.0210931,0.092904665,0.062163370816856675,1.6485830082532558,-4.312038735451985,308.2521051785983,-2.6961455,15.513999,-5.666210014035887e-18,0.011456474841754539,4.787510720486533,2380,-0.046103038,0.0024104887
0.999989972284919,-15.840852476065637,14.989024892236081,0.020581603481147556,0.0032975153123544778,0.16351238404476515,0.9236678540097921,0.4565094,0.6864791926046937,1198,0.7260665252464433,4.609053497942385,0.19753086419753085,3.0028443,0.0819011,0.05878964893444102,1.7465389298635028,-3.455974249571522,293.47496608729824,-2.8869803,15.513596,2.372429835592989e-17,0.012492712555399856,4.114346871262386,2400,-0.039736733,0.0032122594
0.9999916343184764,-16.873175494230775,18.667205278038832,0.011358607345897945,0.003928393646069787,0.17614139654629896,0.8946771326106563,0.47447637,0.5294971916405309,1160,0.7152358848067416,4.609053497942385,0.19753086419753085,3.0429125,0.072381124,0.06977068617030638,1.7080748369811005,-4.471294034763535,279.3250534044306,-3.0046244,15.5124,6.1253684117250015e-18,0.018579794881708966,2.8730423399401364,2420,-0.039221484,0.0020318213
0.9999901848655327,-14.147466854954082,19.031087654481222,0.01860055337846415,0.004729617415675269,0.1917978349630565,0.9232973385780419,0.45591256,0.67146659459028,1198,0.7523806457353165,4.609053497942385,0.19753086419753085,3.314033,0.08467766,0.05761355933331779,1.8554964828714449,-5.041843505716112,294.5753361542085,-2.5584269,15.511588,4.744859671185978e-17,0.014792254613199017,4.305172270189475,2440,-0.03742575,0.0022058606
0.9999915940531238,-20.079003017305396,23.293846086233913,0.021071449742392084,0.006586876516941438,0.17489050985167606,0.9273023594417559,0.4598191,0.55787399702824,1237,0.7483396202090807,4.609053497942385,0.19753086419753085,2.868199,0.099726774,0.06507073445721549,1.790506846808559,-4.564057610128245,304.2514474785895,-2.6778333,15.510052,-2.872040160711804e-17,0.012714927614448458,4.558048314589213,2460,-0.035652906,0.0022087384
0.9999910854924691,-9.011849191134115,12.192867930869376,0.018764492435670403,0.00426337376309798,0.18459288235009805,0.9129535798594917,0.45683578,0.5742014649721789,1104,0.7020792684662729,4.609053497942385,0.19753086419753085,2.719504,0.08016155,0.049395683643483276,2.1265462536986655,-4.0822767763924315,268.67993695852715,-2.6462486,15.509122,-1.9308226515220113e-17,0.016267838048437986,4.129870990748758,2480,-0.031736054,0.0019813068
0.9999916226997787,-13.1601736190102,17.217186279373465,-0.002090391818855883,0.0048998790384835855,0.20087822863593777,0.9189167750071409,0.4592368,0.5811289129243353,1216,0.7584974392807059,4.609053497942385,0.19753086419753085,2.8579805,0.07473773,0.055170317359892876,1.8907573471473462,-4.379544501247342,297.5034716532204,-3.0076554,15.509021,-4.674623261579606e-17,0.016287945773188393,3.518407440635146,2500,-0.034345385,0.002448576
0.9999926362396204,-21.03177469902515,18.573838248319948,0.01708827009446798,0.004300968387476104,0.18440175846624934,0.8994826338764274,0.46395198,0.5239065032238337,1045,0.7055160268422883,4.609053497942385,0.19753086419753085,3.114335,0.069553405,0.05996896344569333,1.6411773170848336,-3.647767862510982,256.80482120875087,-3.1709018,15.508281,2.7197808067372257e-17,0.018535696246964786,4.9686132852028395,2520,-0.04311404,0.0028547323
0.999991159643833,-19.012177778556467,20.145332361775218,0.0023690124346842033,0.0026626834014739555,0.16795442345468464,0.9426677760678424,0.4750922,0.6110687231481718,1206,0.732187358638281,4.609053497942385,0.19753086419753085,3.092208,0.073706225,0.056491312885868276,1.6209241045721483,-4.3798446191730855,295.90802163260383,-2.7879086,15.508202,2.3566923242457718e-17,0.0097222621687913,4.714099486898683,2540,-0.032911465,0.0024696386
0.9999915762761076,-18.522981743098647,18.74785974539359,0.020901334708214488,0.004727579537224332,0.2204032144310758,0.9043411890110882,0.467957,0.5967799239533327,1239,0.7749308843354162,4.609053497942385,0.19753086419753085,3.127727,0.0791974,0.058852098872236455,2.1099246264563702,-4.726491532009297,297.9585206745683,-3.431501,15.507557,-1.1469616396450366e-17,0.02123329356218077,3.663949575454265,2560,-0.038254667,0.0026171147
0.9999904427761703,-14.137997512727072,14.6914546766288,0.020783528597254835,0.0053909008550299875,0.22025664229643502,0.9451804610032168,0.46454817,0.6977693191142297,1288,0.7987030706291296,4.609053497942385,0.19753086419753085,3.3161962,0.08491733,0.06874987153949347,1.9998268454345642,-4.881369015230545,312.5525315722968,-2.7858882,15.50663,-2.2066544588822986e-17,0.01224575184877423,4.0543968730256115,2580,-0.038617477,0.00244594
0.9999912287537988,-13.860733575469578,12.095287986944108,0.01397552991670765,0.0028777776808338986,0.17305720460272275,0.9213174584142879,0.47884414,0.6194042638887932,1054,0.7049846938747732,4.609053497942385,0.19753086419753085,3.0633564,0.06979671,0.05687344011059251,1.6509137108126286,-5.213986042772853,262.24353437485246,-3.07724,15.505798,-1.3482784359774197e-17,0.013629123067675929,4.518220234211726,2600,-0.042299833,0.002677067
0.9999923392949572,-15.44865994876536,15.43936330437804,0.019763494209333335,0.0032750307708889798,0.21016071256644045,0.9182662447168294,0.4633075,0.5692693446416144,1190,0.7490248551820687,4.609053497942385,0.19753086419753085,3.2729387,0.07724399,0.060795619699632486,1.9371699325563319,-3.9817612458316938,284.9817981360751,-2.9951735,15.504769,-2.3883789437314293e-17,0.017227032947341833,3.486753009924748,2620,-0.032551683,0.0023959985
0.9999898470018321,-16.62900915042069,41.63312680409458,0.017332362199563498,0.004500384990833747,0.17312016662340504,0.9459337814023082,0.46232337,0.7223116147289488,1257,0.7351320524517218,4.609053497942385,0.19753086419753085,2.7629728,0.09088732,0.06546614841889684,1.7983675653690332,-4.448370463213661,302.35497248300504,-3.0419044,15.503137,1.130537367955609e-17,0.009486468105881128,3.7093252046721057,2640,-0.091382094,0.002953902
0.9999907701762017,-16.815980155890287,12.227274363352125,0.02055366689428,0.004779326767884409,0.19649649789843063,0.9225068107965747,0.4531551,0.586423783294187,1203,0.7612754088964616,4.609053497942385,0.19753086419753085,3.8027985,0.087917246,0.05293748613762432,2.032696490046493,-4.040478973831797,296.3667140150077,-2.863171,15.502388,-4.725138724921697e-17,0.015264461766262897,3.720749751097993,2660,-0.03438449,0.0023512647
0.9999915927656912,-17.62908653550916,15.330831477864399,0.02188156563033896,0.0050090734012078735,0.23116543200019296,0.936059839319623,0.44860873,0.5763165811625128,1356,0.8456176634374116,4.609053497942385,0.19753086419753085,3.19284,0.092909,0.056187638507095086,2.0038812440702682,-4.853414571295864,335.4509774756057,-3.1001534,15.502363,0.0,0.014910175956773443,3.9867507157056887,2680,-0.032571148,0.0021768545
0.999992382428668,-22.032526988109375,19.545298477676994,0.015103395999560081,0.003281154894373127,0.2642656178043114,0.9072699583233919,0.47108206,0.5659191440344855,1382,0.8539618048544894,4.609053497942385,0.19753086419753085,3.7002046,0.07725834,0.060774701501770174,2.263836042900784,-3.8586391940455007,336.0075921692409,-3.062705,15.5037155,1.0282818173083938e-17,0.024952459732308363,3.145614889714586,2700,-0.043325495,0.0023311933
0.9999917694434861,-27.894559853877897,10.624878062036524,0.017409047038456003,0.0014172135695550022,0.157393946360988,0.8714223787092691,0.46895957,0.5205825511281452,1080,0.6802778111917624,4.609053497942385,0.19753086419753085,3.1552677,0.060774527,0.05392486349385179,1.6560573653743016,-4.714148881001392,263.0458865331273,-3.1616178,15.505479,0.0,0.020679930202081063,3.8144885121025895,2720,-0.036875565,0.0027118523
0.9999919031218762,-24.06418952039297,12.78900255408272,0.02373033532139392,0.005364510350968955,0.18200252015890656,0.9181140712684815,0.46087086,0.5326217666215887,1187,0.748740780506424,4.609053497942385,0.19753086419753085,3.630005,0.08426697,0.0570943353845102,1.8168901253146068,-4.16157193678394,296.5160471909256,-2.7812512,15.505805,-2.3944152847855102e-17,0.014965980288165981,4.069280564617661,2740,-0.03745362,0.0027802025
0.999989858289129,-15.873860824639493,13.31022675575317,0.021386973120572098,0.005744453434912113,0.16067887767924488,0.9242473429643039,0.48164463,0.6891739216467317,1153,0.7136324229611524,4.609053497942385,0.19753086419753085,3.6256714,0.06721847,0.06376778777228213,1.6347854097757433,-4.215085856917793,284.5504601920308,-3.0743995,15.505879,9.243834376757591e-18,0.012182052006317863,3.3978317876403636,2760,-0.044354282,0.0030757047
0.9999896128934996,-6.677013228209614,7.252829916171943,0.021555987971546484,0.005368140494764087,0.16255692873375674,0.9162650041266881,0.46844175,0.6858318586291232,1162,0.7324514807689557,4.609053497942385,0.19753086419753085,2.7560716,0.08769881,0.04994621938503583,1.6759013033953216,-5.979161757927726,290.4203091066132,-3.4460497,15.50484,-4.891860487160759e-17,0.013618267502612844,4.117196487558568,2780,-0.035846457,0.0026560298
